"Property","PascalCase","MatchCount","Status"
"accidental-grob","AccidentalGrob","0","Absent"
"accidental-grobs","AccidentalGrobs","0","Absent"
"accidental-padding","AccidentalPadding","0","Absent"
"add-cauda","AddCauda","0","Absent"
"add-join","AddJoin","0","Absent"
"add-stem","AddStem","0","Absent"
"add-stem-support","AddStemSupport","0","Absent"
"adjacent-pure-heights","AdjacentPureHeights","0","Absent"
"adjacent-spanners","AdjacentSpanners","0","Absent"
"after-line-breaking","AfterLineBreaking","0","Absent"
"align-dir","AlignDir","0","Absent"
"all-elements","AllElements","0","Absent"
"allow-loose-spacing","AllowLooseSpacing","0","Absent"
"allow-span-bar","AllowSpanBar","0","Absent"
"allow-span-bar-above","AllowSpanBarAbove","0","Absent"
"alteration","Alteration","33","Used"
"alteration-alist","AlterationAlist","0","Absent"
"alteration-glyph-name-alist","AlterationGlyphNameAlist","0","Absent"
"annotation","Annotation","20","Used"
"annotation-balloon","AnnotationBalloon","0","Absent"
"annotation-line","AnnotationLine","0","Absent"
"arpeggio-direction","ArpeggioDirection","0","Absent"
"arrow-length","ArrowLength","0","Absent"
"arrow-width","ArrowWidth","0","Absent"
"ascendens","Ascendens","0","Absent"
"auctum","Auctum","0","Absent"
"auto-generated","AutoGenerated","0","Absent"
"auto-knee-gap","AutoKneeGap","7","Used"
"automatically-numbered","AutomaticallyNumbered","0","Absent"
"average-spacing-wishes","AverageSpacingWishes","0","Absent"
"avoid-note-head","AvoidNoteHead","0","Absent"
"avoid-scripts","AvoidScripts","0","Absent"
"avoid-slur","AvoidSlur","1","Mention"
"axes","Axes","0","Absent"
"axis-group-parent-X","AxisGroupParentX","0","Absent"
"axis-group-parent-Y","AxisGroupParentY","0","Absent"
"bar-extent","BarExtent","0","Absent"
"bars-left","BarsLeft","0","Absent"
"bars-right","BarsRight","0","Absent"
"base-shortest-duration","BaseShortestDuration","13","Used"
"baseline-skip","BaselineSkip","2","Mention"
"beam","Beam","288","Used"
"beam-segments","BeamSegments","0","Absent"
"beam-thickness","BeamThickness","25","Used"
"beam-width","BeamWidth","0","Absent"
"beamed-stem-shorten","BeamedStemShorten","0","Absent"
"beaming","Beaming","4","Used"
"beamlet-default-length","BeamletDefaultLength","0","Absent"
"beamlet-max-length-proportion","BeamletMaxLengthProportion","0","Absent"
"before-line-breaking","BeforeLineBreaking","0","Absent"
"begin-of-line-visible","BeginOfLineVisible","0","Absent"
"bend-me","BendMe","0","Absent"
"between-cols","BetweenCols","0","Absent"
"bezier","Bezier","19","Used"
"bound-alignment-interfaces","BoundAlignmentInterfaces","0","Absent"
"bound-details","BoundDetails","0","Absent"
"bound-padding","BoundPadding","27","Used"
"bound-prefatory-paddings","BoundPrefatoryPaddings","0","Absent"
"bounded-by-me","BoundedByMe","0","Absent"
"bracket","Bracket","279","Used"
"bracket-flare","BracketFlare","0","Absent"
"bracket-text","BracketText","0","Absent"
"bracket-visibility","BracketVisibility","8","Used"
"break-align-anchor","BreakAlignAnchor","0","Absent"
"break-align-anchor-alignment","BreakAlignAnchorAlignment","0","Absent"
"break-align-orders","BreakAlignOrders","7","Used"
"break-align-symbol","BreakAlignSymbol","51","Used"
"break-align-symbols","BreakAlignSymbols","0","Absent"
"break-alignment","BreakAlignment","13","Used"
"break-overshoot","BreakOvershoot","0","Absent"
"break-visibility","BreakVisibility","0","Absent"
"break-visibility-passage-default","BreakVisibilityPassageDefault","0","Absent"
"break-visibility-passage-end","BreakVisibilityPassageEnd","0","Absent"
"break-visibility-passage-start","BreakVisibilityPassageStart","0","Absent"
"breakable","Breakable","1","Mention"
"broken-bound-padding","BrokenBoundPadding","0","Absent"
"c0-position","C0Position","2","Mention"
"cause","Cause","0","Absent"
"cavum","Cavum","0","Absent"
"chord-dots-limit","ChordDotsLimit","0","Absent"
"chord-names","ChordNames","15","Used"
"circled-tip","CircledTip","0","Absent"
"clef-alignments","ClefAlignments","1","Mention"
"clip-edges","ClipEdges","0","Absent"
"collapse-height","CollapseHeight","7","Used"
"collision-interfaces","CollisionInterfaces","0","Absent"
"collision-voice-only","CollisionVoiceOnly","0","Absent"
"color","Color","17","Used"
"columns","Columns","54","Used"
"common-shortest-duration","CommonShortestDuration","1","Mention"
"concaveness","Concaveness","14","Used"
"concurrent-hairpins","ConcurrentHairpins","0","Absent"
"conditional-elements","ConditionalElements","0","Absent"
"connect-to-neighbor","ConnectToNeighbor","0","Absent"
"context-info","ContextInfo","0","Absent"
"control-points","ControlPoints","0","Absent"
"count-from","CountFrom","0","Absent"
"covered-grobs","CoveredGrobs","0","Absent"
"cross-staff","CrossStaff","32","Used"
"damping","Damping","15","Used"
"dash-definition","DashDefinition","0","Absent"
"dash-fraction","DashFraction","22","Used"
"dash-period","DashPeriod","19","Used"
"dashed-edge","DashedEdge","0","Absent"
"default-direction","DefaultDirection","1","Mention"
"default-staff-staff-spacing","DefaultStaffStaffSpacing","0","Absent"
"delta-position","DeltaPosition","0","Absent"
"deminutum","Deminutum","0","Absent"
"denominator-style","DenominatorStyle","0","Absent"
"descendens","Descendens","0","Absent"
"details","Details","198","Used"
"digit-names","DigitNames","0","Absent"
"direction","Direction","287","Used"
"direction-source","DirectionSource","0","Absent"
"dot","Dot","76","Used"
"dot-count","DotCount","8","Used"
"dot-negative-kern","DotNegativeKern","1","Mention"
"dot-placement-list","DotPlacementList","0","Absent"
"dot-stencil","DotStencil","0","Absent"
"dots","Dots","160","Used"
"double-stem-separation","DoubleStemSeparation","0","Absent"
"duration-log","DurationLog","0","Absent"
"eccentricity","Eccentricity","0","Absent"
"edge-height","EdgeHeight","22","Used"
"edge-text","EdgeText","0","Absent"
"elements","Elements","32","Used"
"encompass-objects","EncompassObjects","0","Absent"
"endpoint-alignments","EndpointAlignments","0","Absent"
"expand-limit","ExpandLimit","0","Absent"
"extra-dy","ExtraDy","0","Absent"
"extra-offset","ExtraOffset","0","Absent"
"extra-spacing-height","ExtraSpacingHeight","0","Absent"
"extra-spacing-width","ExtraSpacingWidth","0","Absent"
"extroversion","Extroversion","0","Absent"
"fa-merge-direction","FaMergeDirection","0","Absent"
"fa-styles","FaStyles","0","Absent"
"figures","Figures","26","Used"
"filled","Filled","20","Used"
"flag","Flag","49","Used"
"flag-count","FlagCount","0","Absent"
"flag-style","FlagStyle","0","Absent"
"flat-positions","FlatPositions","4","Used"
"flexa-height","FlexaHeight","0","Absent"
"flexa-interval","FlexaInterval","0","Absent"
"flexa-width","FlexaWidth","0","Absent"
"font","Font","218","Used"
"font-encoding","FontEncoding","2","Mention"
"font-family","FontFamily","37","Used"
"font-features","FontFeatures","0","Absent"
"font-name","FontName","0","Absent"
"font-series","FontSeries","4","Used"
"font-shape","FontShape","8","Used"
"font-size","FontSize","107","Used"
"font-stretch","FontStretch","0","Absent"
"font-variant","FontVariant","0","Absent"
"fonts","Fonts","16","Used"
"footnote","Footnote","2","Mention"
"footnote-music","FootnoteMusic","0","Absent"
"footnote-stencil","FootnoteStencil","0","Absent"
"footnote-text","FootnoteText","0","Absent"
"footnotes-after-line-breaking","FootnotesAfterLineBreaking","0","Absent"
"footnotes-before-line-breaking","FootnotesBeforeLineBreaking","0","Absent"
"force-hshift","ForceHshift","7","Used"
"forced","Forced","16","Used"
"forced-spacing","ForcedSpacing","0","Absent"
"french-beaming","FrenchBeaming","0","Absent"
"french-beaming-stem-adjustment","FrenchBeamingStemAdjustment","0","Absent"
"fret-diagram-details","FretDiagramDetails","0","Absent"
"full-length-padding","FullLengthPadding","0","Absent"
"full-length-to-extent","FullLengthToExtent","0","Absent"
"full-measure-extra-space","FullMeasureExtraSpace","0","Absent"
"full-size-change","FullSizeChange","0","Absent"
"gap","Gap","93","Used"
"gap-count","GapCount","0","Absent"
"glissando-index","GlissandoIndex","0","Absent"
"glissando-skip","GlissandoSkip","0","Absent"
"glyph","Glyph","116","Used"
"glyph-left","GlyphLeft","0","Absent"
"glyph-name","GlyphName","0","Absent"
"glyph-right","GlyphRight","0","Absent"
"grace-spacing","GraceSpacing","21","Used"
"graphical","Graphical","1","Mention"
"grow-direction","GrowDirection","9","Used"
"hair-thickness","HairThickness","0","Absent"
"harp-pedal-details","HarpPedalDetails","0","Absent"
"has-span-bar","HasSpanBar","0","Absent"
"head-direction","HeadDirection","0","Absent"
"head-width","HeadWidth","0","Absent"
"head-x-offset","HeadXOffset","0","Absent"
"heads","Heads","9","Used"
"height","Height","381","Used"
"height-limit","HeightLimit","23","Used"
"hide-tied-accidental-after-break","HideTiedAccidentalAfterBreak","0","Absent"
"horizon-padding","HorizonPadding","5","Used"
"horizontal-shift","HorizontalShift","0","Absent"
"horizontal-skylines","HorizontalSkylines","0","Absent"
"id","Id","4","Used"
"ideal-distances","IdealDistances","0","Absent"
"ignore-ambitus","IgnoreAmbitus","0","Absent"
"ignore-collision","IgnoreCollision","0","Absent"
"implicit","Implicit","2","Mention"
"important-column-ranks","ImportantColumnRanks","0","Absent"
"in-note-direction","InNoteDirection","0","Absent"
"in-note-stencil","InNoteStencil","0","Absent"
"in-note-system-padding","InNoteSystemPadding","5","Used"
"inclinatum","Inclinatum","0","Absent"
"index","Index","140","Used"
"inspect-quants","InspectQuants","0","Absent"
"interfaces","Interfaces","1","Mention"
"items-worth-living","ItemsWorthLiving","1","Mention"
"keep-alive-with","KeepAliveWith","0","Absent"
"keep-inside-line","KeepInsideLine","0","Absent"
"kern","Kern","1","Mention"
"knee","Knee","8","Used"
"knee-spacing-correction","KneeSpacingCorrection","2","Mention"
"knee-to-beam","KneeToBeam","0","Absent"
"labels","Labels","8","Used"
"layer","Layer","0","Absent"
"least-squares-dy","LeastSquaresDy","0","Absent"
"ledger-extra","LedgerExtra","0","Absent"
"ledger-line-thickness","LedgerLineThickness","0","Absent"
"ledger-positions","LedgerPositions","0","Absent"
"ledger-positions-function","LedgerPositionsFunction","0","Absent"
"left-bound-info","LeftBoundInfo","0","Absent"
"left-down-stem","LeftDownStem","0","Absent"
"left-items","LeftItems","0","Absent"
"left-neighbor","LeftNeighbor","0","Absent"
"left-number-text","LeftNumberText","0","Absent"
"left-padding","LeftPadding","0","Absent"
"length","Length","539","Used"
"length-fraction","LengthFraction","5","Used"
"ligature-flexa","LigatureFlexa","0","Absent"
"line-break-penalty","LineBreakPenalty","0","Absent"
"line-break-permission","LineBreakPermission","4","Used"
"line-break-system-details","LineBreakSystemDetails","0","Absent"
"line-count","LineCount","0","Absent"
"line-positions","LinePositions","0","Absent"
"line-thickness","LineThickness","6","Used"
"linea","Linea","0","Absent"
"long-text","LongText","0","Absent"
"main-extent","MainExtent","0","Absent"
"make-dead-when","MakeDeadWhen","0","Absent"
"max-beam-connect","MaxBeamConnect","0","Absent"
"max-slope-factor","MaxSlopeFactor","4","Used"
"max-symbol-separation","MaxSymbolSeparation","0","Absent"
"maximum-gap","MaximumGap","0","Absent"
"maybe-loose","MaybeLoose","0","Absent"
"measure-count","MeasureCount","4","Used"
"measure-division","MeasureDivision","0","Absent"
"measure-division-chord-placement-alist","MeasureDivisionChordPlacementAlist","0","Absent"
"measure-division-lines-alist","MeasureDivisionLinesAlist","0","Absent"
"measure-length","MeasureLength","0","Absent"
"melody-spanner","MelodySpanner","0","Absent"
"merge-differently-dotted","MergeDifferentlyDotted","3","Used"
"merge-differently-headed","MergeDifferentlyHeaded","4","Used"
"meta","Meta","2","Mention"
"minimum-distance","MinimumDistance","24","Used"
"minimum-distances","MinimumDistances","0","Absent"
"minimum-length","MinimumLength","8","Used"
"minimum-length-after-break","MinimumLengthAfterBreak","0","Absent"
"minimum-length-fraction","MinimumLengthFraction","0","Absent"
"minimum-space","MinimumSpace","18","Used"
"minimum-translations-alist","MinimumTranslationsAlist","0","Absent"
"minimum-X-extent","MinimumXExtent","0","Absent"
"minimum-X-space","MinimumXSpace","0","Absent"
"minimum-Y-extent","MinimumYExtent","0","Absent"
"musical-length","MusicalLength","0","Absent"
"neighbors","Neighbors","0","Absent"
"nested-fraction-mixed","NestedFractionMixed","0","Absent"
"nested-fraction-orientation","NestedFractionOrientation","0","Absent"
"nested-fraction-relative-font-size","NestedFractionRelativeFontSize","0","Absent"
"neutral-direction","NeutralDirection","5","Used"
"neutral-position","NeutralPosition","0","Absent"
"next","Next","109","Used"
"no-ledgers","NoLedgers","0","Absent"
"no-stem-extend","NoStemExtend","0","Absent"
"non-break-align-symbols","NonBreakAlignSymbols","0","Absent"
"non-default","NonDefault","1","Mention"
"non-musical","NonMusical","1","Mention"
"nonstaff-nonstaff-spacing","NonstaffNonstaffSpacing","0","Absent"
"nonstaff-relatedstaff-spacing","NonstaffRelatedstaffSpacing","2","Mention"
"nonstaff-unrelatedstaff-spacing","NonstaffUnrelatedstaffSpacing","0","Absent"
"normal-stems","NormalStems","0","Absent"
"normalized-endpoints","NormalizedEndpoints","0","Absent"
"note-collision","NoteCollision","46","Used"
"note-collision-threshold","NoteCollisionThreshold","0","Absent"
"note-columns","NoteColumns","0","Absent"
"note-dots-direction","NoteDotsDirection","0","Absent"
"note-flag-style","NoteFlagStyle","0","Absent"
"note-head","NoteHead","18","Used"
"note-head-style","NoteHeadStyle","0","Absent"
"note-heads","NoteHeads","0","Absent"
"note-names","NoteNames","0","Absent"
"note-staff-position","NoteStaffPosition","0","Absent"
"number-range-separator","NumberRangeSeparator","0","Absent"
"number-type","NumberType","0","Absent"
"numbering-assertion-function","NumberingAssertionFunction","0","Absent"
"oriscus","Oriscus","0","Absent"
"output-attributes","OutputAttributes","0","Absent"
"outside-staff-horizontal-padding","OutsideStaffHorizontalPadding","0","Absent"
"outside-staff-padding","OutsideStaffPadding","6","Used"
"outside-staff-placement-directive","OutsideStaffPlacementDirective","0","Absent"
"outside-staff-priority","OutsideStaffPriority","37","Used"
"packed-spacing","PackedSpacing","2","Mention"
"padding","Padding","234","Used"
"padding-pairs","PaddingPairs","0","Absent"
"page-break-penalty","PageBreakPenalty","0","Absent"
"page-break-permission","PageBreakPermission","0","Absent"
"page-number","PageNumber","0","Absent"
"page-turn-penalty","PageTurnPenalty","0","Absent"
"page-turn-permission","PageTurnPermission","0","Absent"
"parent-alignment-X","ParentAlignmentX","0","Absent"
"parent-alignment-Y","ParentAlignmentY","0","Absent"
"parenthesis-friends","ParenthesisFriends","0","Absent"
"parenthesis-id","ParenthesisId","0","Absent"
"parenthesized","Parenthesized","3","Used"
"passage-direction","PassageDirection","0","Absent"
"pedal-text","PedalText","0","Absent"
"pes-or-flexa","PesOrFlexa","0","Absent"
"positioning-done","PositioningDone","0","Absent"
"positions","Positions","225","Used"
"potential-beam","PotentialBeam","0","Absent"
"prefer-dotted-right","PreferDottedRight","3","Used"
"prefix-set","PrefixSet","0","Absent"
"primitive","Primitive","0","Absent"
"protrusion","Protrusion","2","Mention"
"pure-relevant-grobs","PureRelevantGrobs","0","Absent"
"pure-relevant-items","PureRelevantItems","0","Absent"
"pure-relevant-spanners","PureRelevantSpanners","0","Absent"
"pure-Y-common","PureYCommon","0","Absent"
"pure-Y-extent","PureYExtent","0","Absent"
"pure-Y-offset-in-progress","PureYOffsetInProgress","0","Absent"
"quantize-position","QuantizePosition","10","Used"
"quantized-positions","QuantizedPositions","0","Absent"
"quilisma","Quilisma","0","Absent"
"range-collapse-threshold","RangeCollapseThreshold","0","Absent"
"rank-on-page","RankOnPage","0","Absent"
"ratio","Ratio","74","Used"
"remove-empty","RemoveEmpty","7","Used"
"remove-first","RemoveFirst","5","Used"
"remove-layer","RemoveLayer","0","Absent"
"remove-short-autoextender","RemoveShortAutoextender","0","Absent"
"replacement-alist","ReplacementAlist","0","Absent"
"rest","Rest","102","Used"
"rest-collision","RestCollision","0","Absent"
"restore-first","RestoreFirst","0","Absent"
"rests","Rests","22","Used"
"rhythmic-location","RhythmicLocation","0","Absent"
"right-bound-info","RightBoundInfo","0","Absent"
"right-down-stem","RightDownStem","0","Absent"
"right-items","RightItems","0","Absent"
"right-justified","RightJustified","0","Absent"
"right-neighbor","RightNeighbor","0","Absent"
"right-number-text","RightNumberText","0","Absent"
"right-padding","RightPadding","6","Used"
"right-up-stem","RightUpStem","0","Absent"
"rotation","Rotation","0","Absent"
"round-up-exceptions","RoundUpExceptions","0","Absent"
"round-up-to-longer-rest","RoundUpToLongerRest","0","Absent"
"rounded","Rounded","8","Used"
"same-direction-correction","SameDirectionCorrection","3","Used"
"script-column","ScriptColumn","0","Absent"
"script-priority","ScriptPriority","0","Absent"
"script-stencil","ScriptStencil","0","Absent"
"scripts","Scripts","31","Used"
"segno-kern","SegnoKern","0","Absent"
"self-alignment-X","SelfAlignmentX","7","Used"
"self-alignment-Y","SelfAlignmentY","1","Mention"
"senza-misura-stencil","SenzaMisuraStencil","0","Absent"
"shape","Shape","20","Used"
"sharp-positions","SharpPositions","4","Used"
"short-bar-extent","ShortBarExtent","0","Absent"
"shorten","Shorten","8","Used"
"shorten-pair","ShortenPair","2","Mention"
"shortest-duration-space","ShortestDurationSpace","15","Used"
"shortest-playing-duration","ShortestPlayingDuration","0","Absent"
"shortest-starter-duration","ShortestStarterDuration","0","Absent"
"show-control-points","ShowControlPoints","0","Absent"
"show-horizontal-skylines","ShowHorizontalSkylines","0","Absent"
"show-vertical-skylines","ShowVerticalSkylines","0","Absent"
"side-axis","SideAxis","0","Absent"
"side-relative-direction","SideRelativeDirection","1","Mention"
"side-support-elements","SideSupportElements","0","Absent"
"size","Size","135","Used"
"skip-quanting","SkipQuanting","0","Absent"
"skyline-horizontal-padding","SkylineHorizontalPadding","0","Absent"
"skyline-vertical-padding","SkylineVerticalPadding","0","Absent"
"slash-negative-kern","SlashNegativeKern","0","Absent"
"slope","Slope","149","Used"
"slur","Slur","173","Used"
"slur-padding","SlurPadding","0","Absent"
"snap-radius","SnapRadius","0","Absent"
"space-alist","SpaceAlist","30","Used"
"space-increment","SpaceIncrement","0","Absent"
"space-to-barline","SpaceToBarline","2","Mention"
"spacing","Spacing","306","Used"
"spacing-increment","SpacingIncrement","23","Used"
"spacing-pair","SpacingPair","0","Absent"
"spacing-wishes","SpacingWishes","0","Absent"
"span-all-note-heads","SpanAllNoteHeads","0","Absent"
"span-start","SpanStart","0","Absent"
"spanner-broken","SpannerBroken","0","Absent"
"spanner-id","SpannerId","0","Absent"
"spanner-placement","SpannerPlacement","0","Absent"
"springs-and-rods","SpringsAndRods","0","Absent"
"stacking-dir","StackingDir","0","Absent"
"staff-affinity","StaffAffinity","9","Used"
"staff-grouper","StaffGrouper","14","Used"
"staff-padding","StaffPadding","49","Used"
"staff-position","StaffPosition","126","Used"
"staff-space","StaffSpace","12","Used"
"staff-staff-spacing","StaffStaffSpacing","12","Used"
"staff-symbol","StaffSymbol","3","Used"
"staffgroup-staff-spacing","StaffgroupStaffSpacing","8","Used"
"stem","Stem","409","Used"
"stem-attachment","StemAttachment","0","Absent"
"stem-begin-position","StemBeginPosition","0","Absent"
"stem-info","StemInfo","3","Used"
"stem-spacing-correction","StemSpacingCorrection","3","Used"
"stemlet-length","StemletLength","0","Absent"
"stems","Stems","51","Used"
"stencil","Stencil","3","Used"
"stencils","Stencils","0","Absent"
"sticky-host","StickyHost","0","Absent"
"strict-grace-spacing","StrictGraceSpacing","0","Absent"
"strict-note-spacing","StrictNoteSpacing","4","Used"
"stroke-style","StrokeStyle","0","Absent"
"stropha","Stropha","0","Absent"
"style","Style","81","Used"
"system-Y-offset","SystemYOffset","0","Absent"
"text","Text","662","Used"
"text-alignment-X","TextAlignmentX","0","Absent"
"text-alignment-Y","TextAlignmentY","0","Absent"
"text-direction","TextDirection","0","Absent"
"thick-thickness","ThickThickness","0","Absent"
"thickness","Thickness","81","Used"
"tie","Tie","156","Used"
"tie-configuration","TieConfiguration","1","Mention"
"ties","Ties","31","Used"
"time-signature","TimeSignature","78","Used"
"to-barline","ToBarline","2","Mention"
"toe-heel-style","ToeHeelStyle","0","Absent"
"toward-stem-shift","TowardStemShift","0","Absent"
"toward-stem-shift-in-column","TowardStemShiftInColumn","0","Absent"
"transparent","Transparent","4","Used"
"tremolo-flag","TremoloFlag","0","Absent"
"tuplet-number","TupletNumber","1","Mention"
"tuplet-slur","TupletSlur","0","Absent"
"tuplets","Tuplets","14","Used"
"uniform-stretching","UniformStretching","0","Absent"
"usable-duration-logs","UsableDurationLogs","0","Absent"
"used","Used","43","Used"
"vertical-alignment","VerticalAlignment","0","Absent"
"vertical-skyline-elements","VerticalSkylineElements","0","Absent"
"vertical-skylines","VerticalSkylines","0","Absent"
"vertically-spanning-surrogate","VerticallySpanningSurrogate","0","Absent"
"virga","Virga","0","Absent"
"visible-over-note-heads","VisibleOverNoteHeads","0","Absent"
"voiced-position","VoicedPosition","0","Absent"
"volta-number-offset","VoltaNumberOffset","0","Absent"
"volta-numbers","VoltaNumbers","0","Absent"
"when","When","115","Used"
"whiteout","Whiteout","0","Absent"
"whiteout-color","WhiteoutColor","0","Absent"
"whiteout-style","WhiteoutStyle","0","Absent"
"widened-extent","WidenedExtent","0","Absent"
"width","Width","454","Used"
"woodwind-diagram-details","WoodwindDiagramDetails","0","Absent"
"word-space","WordSpace","0","Absent"
"X-align-on-main-noteheads","XAlignOnMainNoteheads","0","Absent"
"X-alignment-extent","XAlignmentExtent","0","Absent"
"X-attachment","XAttachment","0","Absent"
"X-common","XCommon","0","Absent"
"X-extent","XExtent","0","Absent"
"X-offset","XOffset","13","Used"
"X-padding","XPadding","0","Absent"
"X-positions","XPositions","0","Absent"
"Y-attachment","YAttachment","0","Absent"
"Y-common","YCommon","0","Absent"
"Y-extent","YExtent","0","Absent"
"Y-offset","YOffset","12","Used"
"zigzag-length","ZigzagLength","0","Absent"
"zigzag-width","ZigzagWidth","1","Mention"
